,name,ons_code,mp,signature_count
0,Aldershot,E14001063,Alex Baker MP,199
1,Aldridge-Brownhills,E14001064,Rt Hon Wendy Morton MP,83
2,Altrincham and Sale West,E14001065,Mr Connor Rand MP,239
3,Amber Valley,E14001066,Linsey Farnsworth MP,88
4,Arundel and South Downs,E14001067,Andrew Griffith MP,192
5,Ashfield,E14001068,Lee Anderson MP,100
6,Ashford,E14001069,Sojan Joseph MP,158
7,Ashton-under-Lyne,E14001070,Rt Hon Angela Rayner MP,948
8,Aylesbury,E14001071,Laura Kyrke-Smith MP,196
9,Banbury,E14001072,Sean Woodcock MP,205
10,Barking,E14001073,Nesil Caliskan MP,83
11,Barnsley North,E14001074,Dan Jarvis MP,127
12,Barnsley South,E14001075,Stephanie Peacock MP,112
13,Barrow and Furness,E14001076,Michelle Scrogham MP,108
14,Basildon and Billericay,E14001077,Rt Hon Richard Holden MP,183
15,Basingstoke,E14001078,Luke Murphy MP,284
16,Bassetlaw,E14001079,Jo White MP,94
17,Bath,E14001080,Wera Hobhouse MP,260
18,Battersea,E14001081,Marsha De Cordova MP,38
19,Beaconsfield,E14001082,Joy Morrissey MP,142
20,Beckenham and Penge,E14001083,Liam Conlon MP,70
21,Bedford,E14001084,Mohammad Yasin MP,288
22,Bermondsey and Old Southwark,E14001085,Neil Coyle MP,41
23,Bethnal Green and Stepney,E14001086,Rushanara Ali MP,35
24,Beverley and Holderness,E14001087,Rt Hon Graham Stuart MP,105
25,Bexhill and Battle,E14001088,Dr Kieran Mullan MP,96
26,Bexleyheath and Crayford,E14001089,Daniel Francis MP,102
27,Bicester and Woodstock,E14001090,Calum Miller MP,330
28,Birkenhead,E14001091,Alison McGovern MP,248
29,Birmingham Edgbaston,E14001092,Preet Kaur Gill MP,105
30,Birmingham Erdington,E14001093,Paulette Hamilton MP,76
31,Birmingham Hall Green and Moseley,E14001094,Tahir Ali MP,58
32,Birmingham Hodge Hill and Solihull North,E14001095,Rt Hon Liam Byrne MP,166
33,Birmingham Ladywood,E14001096,Rt Hon Shabana Mahmood KC MP,45
34,Birmingham Northfield,E14001097,Laurence Turner MP,260
35,Birmingham Perry Barr,E14001098,Ayoub Khan MP,36
36,Birmingham Selly Oak,E14001099,Al Carns MP,117
37,Birmingham Yardley,E14001100,Jess Phillips MP,68
38,Bishop Auckland,E14001101,Sam Rushworth MP,103
39,Blackburn,E14001102,Mr Adnan Hussain MP,81
40,Blackley and Middleton South,E14001103,Graham Stringer MP,189
41,Blackpool North and Fleetwood,E14001104,Lorraine Beavers MP,489
42,Blackpool South,E14001105,Chris Webb MP,605
43,Blaydon and Consett,E14001106,Liz Twist MP,122
44,Blyth and Ashington,E14001107,Ian Lavery MP,209
45,Bognor Regis and Littlehampton,E14001108,Alison Griffiths MP,153
46,Bolsover,E14001109,Natalie Fleet MP,101
47,Bolton North East,E14001110,Kirith Entwistle MP,173
48,Bolton South and Walkden,E14001111,Yasmin Qureshi MP,273
49,Bolton West,E14001112,Phil Brickell MP,356
50,Bootle,E14001113,Peter Dowd MP,103
51,Boston and Skegness,E14001114,Richard Tice MP,103
52,Bournemouth East,E14001115,Tom Hayes MP,298
53,Bournemouth West,E14001116,Jessica Toale MP,280
54,Bracknell,E14001117,Peter Swallow MP,98
55,Bradford East,E14001118,Imran Hussain MP,87
56,Bradford South,E14001119,Judith Cummins MP,193
57,Bradford West,E14001120,Naz Shah MP,46
58,Braintree,E14001121,Rt Hon Sir James Cleverly MP,232
59,Brent East,E14001122,Dawn Butler MP,18
60,Brent West,E14001123,Barry Gardiner MP,19
61,Brentford and Isleworth,E14001124,Ruth Cadbury MP,96
62,Brentwood and Ongar,E14001125,Alex Burghart MP,123
63,Bridgwater,E14001126,Sir Ashley Fox MP,336
64,Bridlington and The Wolds,E14001127,Charlie Dewhirst MP,83
65,Brigg and Immingham,E14001128,Martin Vickers MP,130
66,Brighton Kemptown and Peacehaven,E14001129,Chris Ward MP,77
67,Brighton Pavilion,E14001130,Siân Berry MP,72
68,Bristol Central,E14001131,Carla Denyer MP,53
69,Bristol East,E14001132,Kerry McCarthy MP,91
70,Bristol North East,E14001133,Damien Egan MP,106
71,Bristol North West,E14001134,Rt Hon Darren Jones MP,210
72,Bristol South,E14001135,Karin Smyth MP,122
73,Broadland and Fakenham,E14001136,Jerome Mayhew MP,333
74,Bromley and Biggin Hill,E14001137,Peter Fortune MP,125
75,Bromsgrove,E14001138,Bradley Thomas MP,138
76,Broxbourne,E14001139,Lewis Cocking MP,212
77,Broxtowe,E14001140,Juliet Campbell MP,92
78,Buckingham and Bletchley,E14001141,Callum Anderson MP,235
79,Burnley,E14001142,Oliver Ryan MP,138
80,Burton and Uttoxeter,E14001143,Jacob Collier MP,86
81,Bury North,E14001144,Mr James Frith MP,243
82,Bury South,E14001145,Christian Wakeford MP,176
83,Bury St Edmunds and Stowmarket,E14001146,Peter Prinsley MP,118
84,Calder Valley,E14001147,Josh Fenton-Glynn MP,142
85,Camborne and Redruth,E14001148,Perran Moon MP,85
86,Cambridge,E14001149,Daniel Zeichner MP,65
87,Cannock Chase,E14001150,Josh Newbury MP,246
88,Canterbury,E14001151,Rosie Duffield MP,230
89,Carlisle,E14001152,Ms Julie Minns MP,134
90,Carshalton and Wallington,E14001153,Bobby Dean MP,446
91,Castle Point,E14001154,Rebecca Harris MP,237
92,Central Devon,E14001155,Rt Hon Sir Mel Stride MP,221
93,Central Suffolk and North Ipswich,E14001156,Patrick Spencer MP,157
94,Chatham and Aylesford,E14001157,Tristan Osborne MP,213
95,Cheadle,E14001158,Tom Morrison MP,124
96,Chelmsford,E14001159,Marie Goldman MP,138
97,Chelsea and Fulham,E14001160,Ben Coleman MP,42
98,Cheltenham,E14001161,Max Wilkinson MP,191
99,Chesham and Amersham,E14001162,Sarah Green MP,284
100,Chester North and Neston,E14001163,Samantha Dixon MP,129
101,Chester South and Eddisbury,E14001164,Aphra Brandreth MP,131
102,Chesterfield,E14001165,Mr Toby Perkins MP,127
103,Chichester,E14001166,Jess Brown-Fuller MP,143
104,Chingford and Woodford Green,E14001167,Rt Hon Sir Iain Duncan Smith MP,67
105,Chippenham,E14001168,Sarah Gibson MP,177
106,Chipping Barnet,E14001169,Dan Tomlinson MP,66
107,Chorley,E14001170,Rt Hon Sir Lindsay Hoyle MP,283
108,Christchurch,E14001171,Sir Christopher Chope MP,178
109,Cities of London and Westminster,E14001172,Rachel Blake MP,32
110,City of Durham,E14001173,Mary Kelly Foy MP,88
111,Clacton,E14001174,Nigel Farage MP,430
112,Clapham and Brixton Hill,E14001175,Bell Ribeiro-Addy MP,33
113,Colchester,E14001176,Pam Cox MP,152
114,Colne Valley,E14001177,Paul Davies MP,108
115,Congleton,E14001178,Sarah Russell MP,435
116,Corby and East Northamptonshire,E14001179,Lee Barron MP,127
117,Coventry East,E14001180,Mary Creagh MP,245
118,Coventry North West,E14001181,Taiwo Owatemi MP,294
119,Coventry South,E14001182,Zarah Sultana MP,193
120,Cramlington and Killingworth,E14001183,Emma Foody MP,132
121,Crawley,E14001184,Peter Lamb MP,397
122,Crewe and Nantwich,E14001185,Connor Naismith MP,431
123,Croydon East,E14001186,Natasha Irons MP,98
124,Croydon South,E14001187,Rt Hon Chris Philp MP,104
125,Croydon West,E14001188,Sarah Jones MP,75
126,Dagenham and Rainham,E14001189,Margaret Mullane MP,116
127,Darlington,E14001190,Lola McEvoy MP,123
128,Dartford,E14001191,Jim Dickson MP,353
129,Daventry,E14001192,Rt Hon Stuart Andrew MP,475
130,Derby North,E14001193,Catherine Atkinson MP,83
131,Derby South,E14001194,Baggy Shanker MP,75
132,Derbyshire Dales,E14001195,John Whitby MP,90
133,Dewsbury and Batley,E14001196,Iqbal Mohamed MP,181
134,Didcot and Wantage,E14001197,Olly Glover MP,154
135,Doncaster Central,E14001198,Sally Jameson MP,84
136,Doncaster East and the Isle of Axholme,E14001199,Lee Pitcher MP,118
137,Doncaster North,E14001200,Rt Hon Ed Miliband MP,76
138,Dorking and Horley,E14001201,Chris Coghlan MP,437
139,Dover and Deal,E14001202,Mike Tapp MP,381
140,Droitwich and Evesham,E14001203,Nigel Huddleston MP,193
141,Dudley,E14001204,Sonia Kumar MP,158
142,Dulwich and West Norwood,E14001205,Helen Hayes MP,37
143,Dunstable and Leighton Buzzard,E14001206,Alex Mayer MP,405
144,Ealing Central and Acton,E14001207,Dr Rupa Huq MP,47
145,Ealing North,E14001208,Rt Hon James Murray MP,42
146,Ealing Southall,E14001209,Deirdre Costigan MP,35
147,Earley and Woodley,E14001210,Yuan Yang MP,72
148,Easington,E14001211,Grahame Morris MP,161
149,East Grinstead and Uckfield,E14001212,Mims Davies MP,153
150,East Ham,E14001213,Rt Hon Sir Stephen Timms MP,11
151,East Hampshire,E14001214,Rt Hon Damian Hinds MP,163
152,East Surrey,E14001215,Rt Hon Claire Coutinho MP,281
153,East Thanet,E14001216,Ms Polly Billington MP,374
154,East Wiltshire,E14001217,Danny Kruger MP,291
155,East Worthing and Shoreham,E14001218,Tom Rutland MP,106
156,Eastbourne,E14001219,Josh Babarinde MP,97
157,Eastleigh,E14001220,Liz Jarvis MP,115
158,Edmonton and Winchmore Hill,E14001221,Kate Osamor MP,32
159,Ellesmere Port and Bromborough,E14001222,Justin Madders MP,178
160,Eltham and Chislehurst,E14001223,Clive Efford MP,92
161,Ely and East Cambridgeshire,E14001224,Charlotte Cane MP,159
162,Enfield North,E14001225,Feryal Clark MP,46
163,Epping Forest,E14001226,Dr Neil Hudson MP,229
164,Epsom and Ewell,E14001227,Helen Maguire MP,310
165,Erewash,E14001228,Adam Thompson MP,110
166,Erith and Thamesmead,E14001229,Ms Abena Oppong-Asare MP,69
167,Esher and Walton,E14001230,Monica Harding MP,124
168,Exeter,E14001231,Steve Race MP,273
169,Exmouth and Exeter East,E14001232,David Reed MP,254
170,Fareham and Waterlooville,E14001233,Rt Hon Suella Braverman KC MP,455
171,Farnham and Bordon,E14001234,Gregory Stafford MP,320
172,Faversham and Mid Kent,E14001235,Helen Whately MP,124
173,Feltham and Heston,E14001236,Seema Malhotra MP,112
174,Filton and Bradley Stoke,E14001237,Claire Hazelgrove MP,148
175,Finchley and Golders Green,E14001238,Sarah Sackman MP,23
176,Folkestone and Hythe,E14001239,Tony Vaughan KC MP,326
177,Forest of Dean,E14001240,Matt Bishop MP,182
178,Frome and East Somerset,E14001241,Anna Sabine MP,154
179,Fylde,E14001242,Mr Andrew Snowden MP,565
180,Gainsborough,E14001243,Rt Hon Sir Edward Leigh MP,122
181,Gateshead Central and Whickham,E14001244,Mark Ferguson MP,115
182,Gedling,E14001245,Michael Payne MP,107
183,Gillingham and Rainham,E14001246,Naushabah Khan MP,113
184,Glastonbury and Somerton,E14001247,Sarah Dyke MP,130
185,Gloucester,E14001248,Alex McIntyre MP,230
186,Godalming and Ash,E14001249,Rt Hon Sir Jeremy Hunt MP,273
187,Goole and Pocklington,E14001250,Rt Hon David Davis MP,167
188,Gorton and Denton,E14001251,Andrew Gwynne MP,772
189,Gosport,E14001252,Dame Caroline Dinenage MP,650
190,Grantham and Bourne,E14001253,Gareth Davies MP,311
191,Gravesham,E14001254,Dr Lauren Sullivan MP,448
192,Great Grimsby and Cleethorpes,E14001255,Melanie Onn MP,235
193,Great Yarmouth,E14001256,Rupert Lowe MP,162
194,Greenwich and Woolwich,E14001257,Matthew Pennycook MP,44
195,Guildford,E14001258,Zöe Franklin MP,113
196,Hackney North and Stoke Newington,E14001259,Rt Hon Diane Abbott MP,32
197,Hackney South and Shoreditch,E14001260,Dame Meg Hillier MP,31
198,Halesowen,E14001261,Alex Ballinger MP,128
199,Halifax,E14001262,Kate Dearden MP,186
200,Hamble Valley,E14001263,Paul Holmes MP,360
201,Hammersmith and Chiswick,E14001264,Andy Slaughter MP,32
202,Hampstead and Highgate,E14001265,Tulip Siddiq MP,28
203,"Harborough, Oadby and Wigston",E14001266,Neil O'Brien MP,105
204,Harlow,E14001267,Chris Vince MP,301
205,Harpenden and Berkhamsted,E14001268,Victoria Collins MP,83
206,Harrogate and Knaresborough,E14001269,Tom Gordon MP,84
207,Harrow East,E14001270,Bob Blackman MP,12
208,Harrow West,E14001271,Gareth Thomas MP,24
209,Hartlepool,E14001272,Mr Jonathan Brash MP,707
210,Harwich and North Essex,E14001273,Sir Bernard Jenkin MP,265
211,Hastings and Rye,E14001274,Helena Dollimore MP,113
212,Havant,E14001275,Alan Mak MP,322
213,Hayes and Harlington,E14001276,Rt Hon John McDonnell MP,41
214,Hazel Grove,E14001277,Lisa Smart MP,286
215,Hemel Hempstead,E14001278,David Taylor MP,347
216,Hendon,E14001279,David Pinto-Duschinsky MP,41
217,Henley and Thame,E14001280,Freddie van Mierlo MP,124
218,Hereford and South Herefordshire,E14001281,Rt Hon Jesse Norman MP,201
219,Herne Bay and Sandwich,E14001282,Rt Hon Sir Roger Gale MP,261
220,Hertford and Stortford,E14001283,Josh Dean MP,502
221,Hertsmere,E14001284,Rt Hon Sir Oliver Dowden MP,76
222,Hexham,E14001285,Joe Morris MP,73
223,Heywood and Middleton North,E14001286,Mrs Elsie Blundell MP,258
224,High Peak,E14001287,Jon Pearce MP,601
225,Hinckley and Bosworth,E14001288,Dr Luke Evans MP,148
226,Hitchin,E14001289,Alistair Strathern MP,275
227,Holborn and St Pancras,E14001290,Rt Hon Sir Keir Starmer MP,28
228,Honiton and Sidmouth,E14001291,Richard Foord MP,152
229,Hornchurch and Upminster,E14001292,Julia Lopez MP,172
230,Hornsey and Friern Barnet,E14001293,Catherine West MP,24
231,Horsham,E14001294,John Milne MP,167
232,Houghton and Sunderland South,E14001295,Rt Hon Bridget Phillipson MP,164
233,Hove and Portslade,E14001296,Rt Hon Peter Kyle MP,68
234,Huddersfield,E14001297,Harpreet Uppal MP,90
235,Huntingdon,E14001298,Ben Obese-Jecty MP,132
236,Hyndburn,E14001299,Sarah Smith MP,276
237,Ilford North,E14001300,Rt Hon Wes Streeting MP,105
238,Ilford South,E14001301,Jas Athwal MP,27
239,Ipswich,E14001302,Jack Abbott MP,244
240,Isle of Wight East,E14001303,Joe Robertson MP,56
241,Isle of Wight West,E14001304,Mr Richard Quigley MP,56
242,Islington North,E14001305,Rt Hon Jeremy Corbyn MP,36
243,Islington South and Finsbury,E14001306,Rt Hon Emily Thornberry MP,30
244,Jarrow and Gateshead East,E14001307,Kate Osborne MP,175
245,Keighley and Ilkley,E14001308,Robbie Moore MP,75
246,Kenilworth and Southam,E14001309,Rt Hon Sir Jeremy Wright KC MP,172
247,Kensington and Bayswater,E14001310,Joe Powell MP,24
248,Kettering,E14001311,Rosie Wrighting MP,116
249,Kingston and Surbiton,E14001312,Rt Hon Ed Davey MP,220
250,Kingston upon Hull East,E14001313,Karl Turner MP,163
251,Kingston upon Hull North and Cottingham,E14001314,Rt Hon Dame Diana Johnson MP,160
252,Kingston upon Hull West and Haltemprice,E14001315,Emma Hardy MP,132
253,Kingswinford and South Staffordshire,E14001316,Mike Wood MP,221
254,Knowsley,E14001317,Anneliese Midgley MP,167
255,Lancaster and Wyre,E14001318,Cat Smith MP,169
256,Leeds Central and Headingley,E14001319,Alex Sobel MP,89
257,Leeds East,E14001320,Richard Burgon MP,190
258,Leeds North East,E14001321,Fabian Hamilton MP,74
259,Leeds North West,E14001322,Katie White MP,176
260,Leeds South,E14001323,Rt Hon Hilary Benn MP,129
261,Leeds South West and Morley,E14001324,Mark Sewards MP,175
262,Leeds West and Pudsey,E14001325,Rt Hon Rachel Reeves MP,111
263,Leicester East,E14001326,Shivani Raja MP,40
264,Leicester South,E14001327,Shockat Adam MP,56
265,Leicester West,E14001328,Rt Hon Liz Kendall MP,99
266,Leigh and Atherton,E14001329,Jo Platt MP,330
267,Lewes,E14001330,James MacCleary MP,91
268,Lewisham East,E14001331,Janet Daby MP,49
269,Lewisham North,E14001332,Vicky Foxcroft MP,47
270,Lewisham West and East Dulwich,E14001333,Rt Hon Ellie Reeves MP,78
271,Leyton and Wanstead,E14001334,Mr Calvin Bailey MP,50
272,Lichfield,E14001335,Dave Robertson MP,91
273,Lincoln,E14001336,Mr Hamish Falconer MP,115
274,Liverpool Garston,E14001337,Rt Hon Maria Eagle MP,98
275,Liverpool Riverside,E14001338,Kim Johnson MP,91
276,Liverpool Walton,E14001339,Dan Carden MP,107
277,Liverpool Wavertree,E14001340,Paula Barker MP,82
278,Liverpool West Derby,E14001341,Ian Byrne MP,135
279,Loughborough,E14001342,Dr Jeevun Sandher MP,97
280,Louth and Horncastle,E14001343,Rt Hon Victoria Atkins MP,125
281,Lowestoft,E14001344,Jess Asato MP,443
282,Luton North,E14001345,Sarah Owen MP,83
283,Luton South and South Bedfordshire,E14001346,Rachel Hopkins MP,88
284,Macclesfield,E14001347,Tim Roca MP,100
285,Maidenhead,E14001348,Mr Joshua Reynolds MP,60
286,Maidstone and Malling,E14001349,Helen Grant MP,155
287,Makerfield,E14001350,Josh Simons MP,380
288,Maldon,E14001351,Rt Hon Sir John Whittingdale MP,327
289,Manchester Central,E14001352,Rt Hon Lucy Powell MP,187
290,Manchester Rusholme,E14001353,Afzal Khan MP,85
291,Manchester Withington,E14001354,Jeff Smith MP,184
292,Mansfield,E14001355,Steve Yemm MP,75
293,Melksham and Devizes,E14001356,Brian Mathew MP,346
294,Melton and Syston,E14001357,Rt Hon Edward Argar MP,150
295,Meriden and Solihull East,E14001358,Saqib Bhatti MP,266
296,Mid Bedfordshire,E14001359,Blake Stephenson MP,264
297,Mid Buckinghamshire,E14001360,Greg Smith MP,287
298,Mid Cheshire,E14001361,Andrew Cooper MP,201
299,Mid Derbyshire,E14001362,Jonathan Davies MP,74
300,Mid Dorset and North Poole,E14001363,Vikki Slade MP,261
301,Mid Leicestershire,E14001364,Mr Peter Bedford MP,164
302,Mid Norfolk,E14001365,George Freeman MP,297
303,Mid Sussex,E14001366,Alison Bennett MP,150
304,Middlesbrough and Thornaby East,E14001367,Andy McDonald MP,72
305,Middlesbrough South and East Cleveland,E14001368,Luke Myer MP,108
306,Milton Keynes Central,E14001369,Emily Darlington MP,346
307,Milton Keynes North,E14001370,Chris Curtis MP,291
308,Mitcham and Morden,E14001371,Dame Siobhain McDonagh MP,109
309,Morecambe and Lunesdale,E14001372,Lizzi Collinge MP,207
310,New Forest East,E14001373,Rt Hon Sir Julian Lewis MP,152
311,New Forest West,E14001374,Rt Hon Sir Desmond Swayne MP,100
312,Newark,E14001375,Rt Hon Robert Jenrick MP,96
313,Newbury,E14001376,Mr Lee Dillon MP,71
314,Newcastle upon Tyne Central and West,E14001377,Dame Chi Onwurah MP,94
315,Newcastle upon Tyne East and Wallsend,E14001378,Mary Glindon MP,146
316,Newcastle upon Tyne North,E14001379,Catherine McKinnell MP,113
317,Newcastle-under-Lyme,E14001380,Adam Jogee MP,162
318,Newton Abbot,E14001381,Martin Wrigley MP,306
319,Newton Aycliffe and Spennymoor,E14001382,Alan Strickland MP,145
320,Normanton and Hemsworth,E14001383,Jon Trickett MP,220
321,North Bedfordshire,E14001384,Richard Fuller MP,267
322,North Cornwall,E14001385,Ben Maguire MP,284
323,North Cotswolds,E14001386,Sir Geoffrey Clifton-Brown MP,157
324,North Devon,E14001387,Ian Roome MP,339
325,North Dorset,E14001388,Simon Hoare MP,118
326,North Durham,E14001389,Luke Akehurst MP,125
327,North East Cambridgeshire,E14001390,Rt Hon Steve Barclay MP,238
328,North East Derbyshire,E14001391,Louise Sandher-Jones MP,110
329,North East Hampshire,E14001392,Alex Brewer MP,206
330,North East Hertfordshire,E14001393,Chris Hinchliff MP,122
331,North East Somerset and Hanham,E14001394,Dan Norris MP,113
332,North Herefordshire,E14001395,Dr Ellie Chowns MP,138
333,North Norfolk,E14001396,Steff Aquarone MP,168
334,North Northumberland,E14001397,David Smith MP,110
335,North Shropshire,E14001398,Helen Morgan MP,98
336,North Somerset,E14001399,Sadik Al-Hassan MP,84
337,North Warwickshire and Bedworth,E14001400,Rachel Taylor MP,189
338,North West Cambridgeshire,E14001401,Sam Carling MP,209
339,North West Essex,E14001402,Rt Hon Kemi Badenoch MP,263
340,North West Hampshire,E14001403,Rt Hon Kit Malthouse MP,128
341,North West Leicestershire,E14001404,Amanda Hack MP,120
342,North West Norfolk,E14001405,James Wild MP,405
343,Northampton North,E14001406,Lucy Rigby KC MP,195
344,Northampton South,E14001407,Mike Reader MP,196
345,Norwich North,E14001408,Alice Macdonald MP,312
346,Norwich South,E14001409,Clive Lewis MP,283
347,Nottingham East,E14001410,Nadia Whittome MP,77
348,Nottingham North and Kimberley,E14001411,Alex Norris MP,96
349,Nottingham South,E14001412,Lilian Greenwood MP,76
350,Nuneaton,E14001413,Jodie Gosling MP,140
351,Old Bexley and Sidcup,E14001414,Mr Louie French MP,96
352,Oldham East and Saddleworth,E14001415,Debbie Abrahams MP,437
353,"Oldham West, Chadderton and Royton",E14001416,Jim McMahon MP,489
354,Orpington,E14001417,Gareth Bacon MP,106
355,Ossett and Denby Dale,E14001418,Jade Botterill MP,181
356,Oxford East,E14001419,Rt Hon Anneliese Dodds MP,73
357,Oxford West and Abingdon,E14001420,Layla Moran MP,92
358,Peckham,E14001421,Miatta Fahnbulleh MP,33
359,Pendle and Clitheroe,E14001422,Jonathan Hinder MP,111
360,Penistone and Stocksbridge,E14001423,Dr Marie Tidball MP,109
361,Penrith and Solway,E14001424,Markus Campbell-Savours MP,217
362,Peterborough,E14001425,Andrew Pakes MP,116
363,Plymouth Moor View,E14001426,Fred Thomas MP,121
364,Plymouth Sutton and Devonport,E14001427,Luke Pollard MP,125
365,"Pontefract, Castleford and Knottingley",E14001428,Rt Hon Yvette Cooper MP,306
366,Poole,E14001429,Neil Duncan-Jordan MP,239
367,Poplar and Limehouse,E14001430,Apsana Begum MP,32
368,Portsmouth North,E14001431,Amanda Martin MP,288
369,Portsmouth South,E14001432,Stephen Morgan MP,262
370,Preston,E14001433,Sir Mark Hendrick MP,232
371,Putney,E14001434,Fleur Anderson MP,59
372,Queen's Park and Maida Vale,E14001435,Georgia Gould MP,26
373,Rawmarsh and Conisbrough,E14001436,Rt Hon John Healey MP,81
374,Rayleigh and Wickford,E14001437,Rt Hon Mark Francois MP,191
375,Reading Central,E14001438,Matt Rodda MP,53
376,Reading West and Mid Berkshire,E14001439,Olivia Bailey MP,70
377,Redcar,E14001440,Rt Hon Anna Turley MP,92
378,Redditch,E14001441,Chris Bloore MP,148
379,Reigate,E14001442,Rebecca Paul MP,518
380,Ribble Valley,E14001443,Maya Ellis MP,165
381,Richmond and Northallerton,E14001444,Rt Hon Rishi Sunak MP,87
382,Richmond Park,E14001445,Sarah Olney MP,53
383,Rochdale,E14001446,Paul Waugh MP,350
384,Rochester and Strood,E14001447,Lauren Edwards MP,256
385,Romford,E14001448,Andrew Rosindell MP,168
386,Romsey and Southampton North,E14001449,Rt Hon Caroline Nokes MP,117
387,Rossendale and Darwen,E14001450,Andy MacNae MP,265
388,Rother Valley,E14001451,Jake Richards MP,106
389,Rotherham,E14001452,Sarah Champion MP,83
390,Rugby,E14001453,John Slinger MP,443
391,"Ruislip, Northwood and Pinner",E14001454,David Simmonds MP,44
392,Runcorn and Helsby,E14001455,Sarah Pochin MP,131
393,Runnymede and Weybridge,E14001456,Dr Ben Spencer MP,226
394,Rushcliffe,E14001457,James Naish MP,83
395,Rutland and Stamford,E14001458,Alicia Kearns MP,148
396,Salford,E14001459,Rebecca Long Bailey MP,254
397,Salisbury,E14001460,Rt Hon John Glen MP,264
398,Scarborough and Whitby,E14001461,Alison Hume MP,81
399,Scunthorpe,E14001462,Sir Nicholas Dakin MP,88
400,Sefton Central,E14001463,Bill Esterson MP,135
401,Selby,E14001464,Keir Mather MP,305
402,Sevenoaks,E14001465,Rt Hon Laura Trott MP,201
403,Sheffield Brightside and Hillsborough,E14001466,Gill Furniss MP,90
404,Sheffield Central,E14001467,Abtisam Mohamed MP,92
405,Sheffield Hallam,E14001468,Olivia Blake MP,83
406,Sheffield Heeley,E14001469,Rt Hon Louise Haigh MP,177
407,Sheffield South East,E14001470,Mr Clive Betts MP,175
408,Sherwood Forest,E14001471,Michelle Welsh MP,86
409,Shipley,E14001472,Anna Dixon MP,98
410,Shrewsbury,E14001473,Julia Buckley MP,94
411,Sittingbourne and Sheppey,E14001474,Kevin McKenna MP,115
412,Skipton and Ripon,E14001475,Rt Hon Sir Julian Smith MP,93
413,Sleaford and North Hykeham,E14001476,Dr Caroline Johnson MP,110
414,Slough,E14001477,Mr Tanmanjeet Singh Dhesi MP,44
415,Smethwick,E14001478,Gurinder Singh Josan MP,135
416,Solihull West and Shirley,E14001479,Dr Neil Shastri-Hurst MP,107
417,South Basildon and East Thurrock,E14001480,James McMurdock MP,211
418,South Cambridgeshire,E14001481,Pippa Heylings MP,88
419,South Cotswolds,E14001482,Dr Roz Savage MP,108
420,South Derbyshire,E14001483,Samantha Niblett MP,107
421,South Devon,E14001484,Caroline Voaden MP,177
422,South Dorset,E14001485,Lloyd Hatton MP,126
423,South East Cornwall,E14001486,Anna Gelderd MP,114
424,South Holland and The Deepings,E14001487,Rt Hon Sir John Hayes MP,243
425,South Leicestershire,E14001488,Alberto Costa MP,311
426,South Norfolk,E14001489,Ben Goldsborough MP,200
427,South Northamptonshire,E14001490,Sarah Bool MP,195
428,South Ribble,E14001491,Mr Paul Foster MP,139
429,South Shields,E14001492,Emma Lewell MP,158
430,South Shropshire,E14001493,Stuart Anderson MP,89
431,South Suffolk,E14001494,James Cartlidge MP,265
432,South West Devon,E14001495,Rebecca Smith MP,108
433,South West Hertfordshire,E14001496,Mr Gagan Mohindra MP,121
434,South West Norfolk,E14001497,Terry Jermy MP,240
435,South West Wiltshire,E14001498,Rt Hon Dr Andrew Murrison MP,451
436,Southampton Itchen,E14001499,Darren Paffey MP,216
437,Southampton Test,E14001500,Satvir Kaur MP,160
438,Southend East and Rochford,E14001501,Mr Bayo Alaba MP,109
439,Southend West and Leigh,E14001502,David Burton-Sampson MP,127
440,Southgate and Wood Green,E14001503,Bambos Charalambous MP,35
441,Southport,E14001504,Patrick Hurley MP,312
442,Spelthorne,E14001505,Lincoln Jopp MP,225
443,Spen Valley,E14001506,Kim Leadbeater MP,215
444,St Albans,E14001507,Daisy Cooper MP,96
445,St Austell and Newquay,E14001508,Noah Law MP,123
446,St Helens North,E14001509,David Baines MP,173
447,St Helens South and Whiston,E14001510,Ms Marie Rimmer MP,172
448,St Ives,E14001511,Andrew George MP,58
449,St Neots and Mid Cambridgeshire,E14001512,Ian Sollom MP,124
450,Stafford,E14001513,Leigh Ingham MP,99
451,Staffordshire Moorlands,E14001514,Rt Hon Dame Karen Bradley MP,123
452,Stalybridge and Hyde,E14001515,Rt Hon Jonathan Reynolds MP,1539
453,Stevenage,E14001516,Kevin Bonavia MP,107
454,Stockport,E14001517,Navendu Mishra MP,354
455,Stockton North,E14001518,Chris McDonald MP,152
456,Stockton West,E14001519,Matt Vickers MP,121
457,Stoke-on-Trent Central,E14001520,Gareth Snell MP,323
458,Stoke-on-Trent North,E14001521,David Williams MP,229
459,Stoke-on-Trent South,E14001522,Dr Allison Gardner MP,172
460,"Stone, Great Wyrley and Penkridge",E14001523,Rt Hon Sir Gavin Williamson MP,124
461,Stourbridge,E14001524,Cat Eccles MP,261
462,Stratford and Bow,E14001525,Uma Kumaran MP,20
463,Stratford-on-Avon,E14001526,Manuela Perteghella MP,111
464,Streatham and Croydon North,E14001527,Rt Hon Steve Reed MP,50
465,Stretford and Urmston,E14001528,Andrew Western MP,315
466,Stroud,E14001529,Dr Simon Opher MP,96
467,Suffolk Coastal,E14001530,Jenny Riddell-Carpenter MP,129
468,Sunderland Central,E14001531,Lewis Atkinson MP,130
469,Surrey Heath,E14001532,Dr Al Pinkerton MP,142
470,Sussex Weald,E14001533,Ms Nusrat Ghani MP,169
471,Sutton and Cheam,E14001534,Luke Taylor MP,219
472,Sutton Coldfield,E14001535,Rt Hon Sir Andrew Mitchell MP,124
473,Swindon North,E14001536,Will Stone MP,408
474,Swindon South,E14001537,Rt Hon Heidi Alexander MP,398
475,Tamworth,E14001538,Sarah Edwards MP,144
476,Tatton,E14001539,Rt Hon Esther McVey MP,129
477,Taunton and Wellington,E14001540,Gideon Amos MP,740
478,Telford,E14001541,Shaun Davies MP,200
479,Tewkesbury,E14001542,Cameron Thomas MP,342
480,The Wrekin,E14001543,Rt Hon Mark Pritchard MP,131
481,Thirsk and Malton,E14001544,Kevin Hollinrake MP,72
482,Thornbury and Yate,E14001545,Claire Young MP,357
483,Thurrock,E14001546,Jen Craft MP,130
484,Tipton and Wednesbury,E14001547,Antonia Bance MP,153
485,Tiverton and Minehead,E14001548,Rachel Gilmour MP,236
486,Tonbridge,E14001549,Rt Hon Tom Tugendhat MP,217
487,Tooting,E14001550,Dr Rosena Allin-Khan MP,49
488,Torbay,E14001551,Steve Darling MP,373
489,Torridge and Tavistock,E14001552,Rt Hon Sir Geoffrey Cox KC MP,363
490,Tottenham,E14001553,Rt Hon David Lammy MP,27
491,Truro and Falmouth,E14001554,Jayne Kirkham MP,78
492,Tunbridge Wells,E14001555,Mike Martin MP,381
493,Twickenham,E14001556,Munira Wilson MP,65
494,Tynemouth,E14001557,Rt Hon Sir Alan Campbell MP,93
495,Uxbridge and South Ruislip,E14001558,Danny Beales MP,55
496,Vauxhall and Camberwell Green,E14001559,Florence Eshalomi MP,24
497,Wakefield and Rothwell,E14001560,Simon Lightwood MP,279
498,Wallasey,E14001561,Dame Angela Eagle MP,244
499,Walsall and Bloxwich,E14001562,Rt Hon Valerie Vaz MP,72
500,Walthamstow,E14001563,Ms Stella Creasy MP,37
501,Warrington North,E14001564,Charlotte Nichols MP,214
502,Warrington South,E14001565,Sarah Hall MP,224
503,Warwick and Leamington,E14001566,Matt Western MP,188
504,Washington and Gateshead South,E14001567,Mrs Sharon Hodgson MP,134
505,Watford,E14001568,Matt Turmaine MP,192
506,Waveney Valley,E14001569,Adrian Ramsay MP,167
507,Weald of Kent,E14001570,Katie Lam MP,195
508,Wellingborough and Rushden,E14001571,Gen Kitchen MP,108
509,Wells and Mendip Hills,E14001572,Tessa Munt MP,90
510,Welwyn Hatfield,E14001573,Andrew Lewin MP,290
511,West Bromwich,E14001574,Sarah Coombes MP,117
512,West Dorset,E14001575,Edward Morello MP,125
513,West Ham and Beckton,E14001576,James Asser MP,35
514,West Lancashire,E14001577,Ashley Dalton MP,176
515,West Suffolk,E14001578,Nick Timothy MP,102
516,West Worcestershire,E14001579,Dame Harriett Baldwin MP,285
517,Westmorland and Lonsdale,E14001580,Tim Farron MP,369
518,Weston-super-Mare,E14001581,Dan Aldridge MP,99
519,Wetherby and Easingwold,E14001582,Rt Hon Sir Alec Shelbrooke MP,118
520,Whitehaven and Workington,E14001583,Josh MacAlister MP,115
521,Widnes and Halewood,E14001584,Derek Twigg MP,149
522,Wigan,E14001585,Rt Hon Lisa Nandy MP,348
523,Wimbledon,E14001586,Mr Paul Kohler MP,126
524,Winchester,E14001587,Dr Danny Chambers MP,69
525,Windsor,E14001588,Jack Rankin MP,85
526,Wirral West,E14001589,Matthew Patrick MP,142
527,Witham,E14001590,Rt Hon Priti Patel MP,517
528,Witney,E14001591,Charlie Maynard MP,107
529,Woking,E14001592,Mr Will Forster MP,304
530,Wokingham,E14001593,Clive Jones MP,76
531,Wolverhampton North East,E14001594,Mrs Sureena Brackenridge MP,58
532,Wolverhampton South East,E14001595,Rt Hon Pat McFadden MP,85
533,Wolverhampton West,E14001596,Warinder Juss,67
534,Worcester,E14001597,Tom Collins MP,265
535,Worsley and Eccles,E14001598,Michael Wheeler MP,267
536,Worthing West,E14001599,Dr Beccy Cooper MP,114
537,Wycombe,E14001600,Rt Hon Emma Reynolds MP,435
538,Wyre Forest,E14001601,Mark Garnier MP,130
539,Wythenshawe and Sale East,E14001602,Mike Kane MP,207
540,Yeovil,E14001603,Adam Dance MP,218
541,York Central,E14001604,Rachael Maskell MP,302
542,York Outer,E14001605,Mr Luke Charters MP,253
543,Belfast East,N05000001,Rt Hon Gavin Robinson MP,25
544,Belfast North,N05000002,John Finucane MP,29
545,Belfast South and Mid Down,N05000003,Claire Hanna MP,23
546,Belfast West,N05000004,Paul Maskey MP,27
547,East Antrim,N05000005,Rt Hon Sammy Wilson MP,37
548,East Londonderry,N05000006,Mr Gregory Campbell MP,22
549,Fermanagh and South Tyrone,N05000007,Pat Cullen MP,25
550,Foyle,N05000008,Colum Eastwood MP,20
551,Lagan Valley,N05000009,Sorcha Eastwood MP,32
552,Mid Ulster,N05000010,Mr Cathal Mallaghan MP,15
553,Newry and Armagh,N05000011,Dáire Hughes MP,24
554,North Antrim,N05000012,Jim Allister KC MP,28
555,North Down,N05000013,Alex Easton MP,30
556,South Antrim,N05000014,Robin Swann MP,27
557,South Down,N05000015,Chris Hazzard MP,27
558,Strangford,N05000016,Jim Shannon MP,37
559,Upper Bann,N05000017,Carla Lockhart MP,31
560,West Tyrone,N05000018,Órfhlaith Begley MP,12
561,East Renfrewshire,S14000021,Blair McDougall MP,75
562,Na h-Eileanan an Iar,S14000027,Torcuil Crichton MP,7
563,Midlothian,S14000045,Kirsty McNeill MP,75
564,North Ayrshire and Arran,S14000048,Irene Campbell MP,77
565,Orkney and Shetland,S14000051,Rt Hon Alistair Carmichael MP,23
566,Aberdeen North,S14000060,Kirsty Blackman MP,86
567,Aberdeen South,S14000061,Rt Hon Stephen Flynn MP,95
568,Aberdeenshire North and Moray East,S14000062,Seamus Logan MP,51
569,Airdrie and Shotts,S14000063,Kenneth Stevenson MP,56
570,Alloa and Grangemouth,S14000064,Brian Leishman MP,66
571,Angus and Perthshire Glens,S14000065,Dave Doogan MP,64
572,Arbroath and Broughty Ferry,S14000066,Stephen Gethins MP,62
573,"Argyll, Bute and South Lochaber",S14000067,Brendan O'Hara MP,72
574,Bathgate and Linlithgow,S14000068,Kirsteen Sullivan MP,88
575,"Caithness, Sutherland and Easter Ross",S14000069,Jamie Stone MP,69
576,Coatbridge and Bellshill,S14000070,Frank McNally MP,72
577,Cowdenbeath and Kirkcaldy,S14000071,Melanie Ward MP,68
578,Cumbernauld and Kirkintilloch,S14000072,Katrina Murray MP,62
579,Dumfries and Galloway,S14000073,John Cooper MP,110
580,"Dumfriesshire, Clydesdale and Tweeddale",S14000074,Rt Hon David Mundell MP,97
581,Dundee Central,S14000075,Chris Law MP,46
582,Dunfermline and Dollar,S14000076,Graeme Downie MP,66
583,East Kilbride and Strathaven,S14000077,Joani Reid MP,79
584,Edinburgh East and Musselburgh,S14000078,Chris Murray MP,65
585,Edinburgh North and Leith,S14000079,Tracy Gilbert MP,71
586,Edinburgh South,S14000080,Rt Hon Ian Murray MP,57
587,Edinburgh South West,S14000081,Dr Scott Arthur MP,70
588,Edinburgh West,S14000082,Christine Jardine MP,45
589,Falkirk,S14000083,Euan Stainbank MP,87
590,Glasgow East,S14000084,John Grady MP,54
591,Glasgow North,S14000085,Martin Rhodes MP,37
592,Glasgow North East,S14000086,Maureen Burke MP,68
593,Glasgow South,S14000087,Gordon McKee MP,75
594,Glasgow South West,S14000088,Dr Zubir Ahmed MP,155
595,Glasgow West,S14000089,Patricia Ferguson MP,63
596,Glenrothes and Mid Fife,S14000090,Richard Baker MP,79
597,Gordon and Buchan,S14000091,Harriet Cross MP,79
598,Hamilton and Clyde Valley,S14000092,Imogen Walker MP,58
599,Inverclyde and Renfrewshire West,S14000093,Martin McCluskey MP,84
600,"Inverness, Skye and West Ross-shire",S14000094,Mr Angus MacDonald MP,101
601,Livingston,S14000095,Gregor Poynton MP,91
602,Lothian East,S14000096,Rt Hon Douglas Alexander MP,66
603,Mid Dunbartonshire,S14000097,Susan Murray MP,67
604,"Moray West, Nairn and Strathspey",S14000098,Graham Leadbitter MP,54
605,"Motherwell, Wishaw and Carluke",S14000099,Pamela Nash MP,63
606,North East Fife,S14000100,Wendy Chamberlain MP,51
607,Paisley and Renfrewshire North,S14000101,Alison Taylor MP,194
608,Paisley and Renfrewshire South,S14000102,Johanna Baxter MP,97
609,Perth and Kinross-shire,S14000103,Pete Wishart MP,48
610,Rutherglen,S14000104,Michael Shanks MP,58
611,Stirling and Strathallan,S14000105,Chris Kane MP,105
612,West Dunbartonshire,S14000106,Douglas McAllister MP,78
613,"Ayr, Carrick and Cumnock",S14000107,Elaine Stewart MP,81
614,"Berwickshire, Roxburgh and Selkirk",S14000108,John Lamont MP,57
615,Central Ayrshire,S14000109,Alan Gemmell MP,64
616,Kilmarnock and Loudoun,S14000110,Lillian Jones MP,95
617,West Aberdeenshire and Kincardine,S14000111,Andrew Bowie MP,65
618,Aberafan Maesteg,W07000081,Stephen Kinnock MP,91
619,Alyn and Deeside,W07000082,Rt Hon Sir Mark Tami MP,215
620,Bangor Aberconwy,W07000083,Claire Hughes MP,103
621,Blaenau Gwent and Rhymney,W07000084,Nick Smith MP,112
622,"Brecon, Radnor and Cwm Tawe",W07000085,David Chadwick MP,82
623,Bridgend,W07000086,Chris Elmore MP,72
624,Caerfyrddin,W07000087,Ann Davies MP,65
625,Caerphilly,W07000088,Chris Evans MP,89
626,Cardiff East,W07000089,Rt Hon Jo Stevens MP,72
627,Cardiff North,W07000090,Anna McMorrin MP,78
628,Cardiff South and Penarth,W07000091,Stephen Doughty MP,65
629,Cardiff West,W07000092,Mr Alex Barros-Curtis MP,64
630,Ceredigion Preseli,W07000093,Ben Lake MP,77
631,Clwyd East,W07000094,Becky Gittins MP,148
632,Clwyd North,W07000095,Gill German MP,141
633,Dwyfor Meirionnydd,W07000096,Rt Hon Liz Saville Roberts MP,63
634,Gower,W07000097,Tonia Antoniazzi MP,105
635,Llanelli,W07000098,Dame Nia Griffith MP,59
636,Merthyr Tydfil and Aberdare,W07000099,Gerald Jones MP,77
637,Mid and South Pembrokeshire,W07000100,Henry Tufnell MP,103
638,Monmouthshire,W07000101,Catherine Fookes MP,105
639,Montgomeryshire and Glyndŵr,W07000102,Steve Witherden MP,235
640,Neath and Swansea East,W07000103,Carolyn Harris MP,101
641,Newport East,W07000104,Jessica Morden MP,148
642,Newport West and Islwyn,W07000105,Ruth Jones MP,93
643,Pontypridd,W07000106,Alex Davies-Jones MP,75
644,Rhondda and Ogmore,W07000107,Chris Bryant MP,81
645,Swansea West,W07000108,Torsten Bell MP,88
646,Torfaen,W07000109,Rt Hon Nick Thomas-Symonds MP,172
647,Vale of Glamorgan,W07000110,Kanishka Narayan MP,89
648,Wrexham,W07000111,Andrew Ranger MP,638
649,Ynys Môn,W07000112,Llinos Medi MP,57
